<p>MathML は HTML と同じ {{c1::構文}} を用いて要素と属性のツリーを表します。</p>,"<p>この記事では、単純な HTML 文書を使い、そこに MathML 数式を追加する方法を、いくつかの要素を紹介しながら見ていきます。</p>
<h2>HTML に &lt;math&gt; 要素で数式を挿入する</h2>
<p>MathML は HTML と同じ構文を用いて要素と属性のツリーを表します。具体的な数式は <code>&lt;math&gt;</code> という要素で表され、 HTML ページの中に配置することができます。以下の文書では、段落の中にあります。</p>
<pre><code class=""language-html"">&lt;p&gt;
  分数
  &lt;math&gt;
    &lt;mfrac&gt;
      &lt;mn&gt;1&lt;/mn&gt;
      &lt;mn&gt;3&lt;/mn&gt;
    &lt;/mfrac&gt;
  &lt;/math&gt;
  は十進数では表せません。
&lt;/p&gt;
</code></pre>
<p><code>&lt;mfrac&gt;</code> 要素は分子（最初の子）と分母（2 つ目の子）を持つ分数を指定します。ブラウザーではこのように表示されます。</p>"
<p>HTMLページに具体的な数式を配置するための要素は {{c1::&lt;math&gt;}} です。</p>,"<p>MathML は HTML と同じ構文を用いて要素と属性のツリーを表します。具体的な数式は <code>&lt;math&gt;</code> という要素で表され、 HTML ページの中に配置することができます。以下の文書では、段落の中にあります。</p>
<pre><code class=""language-html"">&lt;p&gt;
  分数
  &lt;math&gt;
    &lt;mfrac&gt;
      &lt;mn&gt;1&lt;/mn&gt;
      &lt;mn&gt;3&lt;/mn&gt;
    &lt;/mfrac&gt;
  &lt;/math&gt;
  は十進数では表せません。
&lt;/p&gt;
</code></pre>
<p><code>&lt;mfrac&gt;</code> 要素は分子（最初の子）と分母（2 つ目の子）を持つ分数を指定します。ブラウザーではこのように表示されます。</p>"
<p>MathMLの {{c1::&lt;mfrac&gt;}} 要素は、{{c1::分子（最初の子）}} と {{c1::分母（2 つ目の子）}} を持つ分数を指定します。</p>,<p><code>&lt;mfrac&gt;</code> 要素は分子（最初の子）と分母（2 つ目の子）を持つ分数を指定します。ブラウザーではこのように表示されます。</p>
"<p>数式を独立した行で中央揃えにするには、&lt;math&gt; 要素に {{c1::display=""block""}} 属性を付けます。</p>","<h3>display 属性</h3>
<p>前の例では、数式は段落のテキストと同じ行にあることに注意してください。しかし、下記の通り、大きな数式を自分自身で中央揃えにして表示させることがよくあります。そのためには <code>&lt;math&gt;</code> 要素に <code>display=""block""</code> 属性を付ける必要があります。</p>
<pre><code class=""language-html"">&lt;p&gt;
  分数
  &lt;math display=&quot;block&quot;&gt;
    &lt;mfrac&gt;
      &lt;mn&gt;1&lt;/mn&gt;
      &lt;mn&gt;3&lt;/mn&gt;
    &lt;/mfrac&gt;
  &lt;/math&gt;
  は十進数では表せません。
&lt;/p&gt;
</code></pre>"
"<p>&lt;math&gt; の display=""block"" のとき、math-style の初期値は {{c1::normal}}、それ以外では {{c1::compact}} です。</p>","<blockquote>
<p>[!NOTE]
上述の外観の変化は、実際には {{cssxref(""math-style"")}} プロパティによって制御されており、このプロパティは <code>&lt;math display=""block""&gt;</code> の場合、初期値が <code>normal</code> となり、それ以外の場合は <code>compact</code> となります。MathMLのサブツリーによっては、このプロパティが自動的に <code>compact</code> になることがありますが、この入門チュートリアルではこの微妙な点は無視します。繰り返しますが、これは LaTeX と同様です。</p>
</blockquote>"
<p>LaTeXでは、インライン数式を <code>{{c1::$...$}}</code>、ディスプレイ数式を <code>{{c1::\[...\]}}</code> で区切ります。</p>,"<blockquote>
<p>[!NOTE]
これは LaTeX の <em>inline</em> 数式（ドル記号 <code>$...$</code> で区切られる）と <em>display</em> 数式（<code>\[...\]</code> で区切られる）の概念に対応しています。</p>
</blockquote>"
<p>MathMLの &lt;math&gt; 要素は {{c1::任意の数の子要素}} を格納し、それらを基本的に一列に並べて表示します。</p>,"<h2>&lt;mrow&gt; 要素でのグループ化</h2>
<p><code>&lt;math&gt;</code> 要素は実際には任意の数の子要素を格納することができ、基本的にそれらを一列に並べて表示します。例えば、単純な数式 ""1 + 2 + 3"" は MathML ではこのようにエンコードされます。</p>
<pre><code class=""language-html"">&lt;math&gt;
  &lt;mn&gt;1&lt;/mn&gt;
  &lt;mo&gt;+&lt;/mo&gt;
  &lt;mn&gt;2&lt;/mn&gt;
  &lt;mo&gt;+&lt;/mo&gt;
  &lt;mn&gt;3&lt;/mn&gt;
&lt;/math&gt;
</code></pre>
<p><code>&lt;mrow&gt;</code> 要素は同様のレイアウトを行う汎用コンテナーですが、 MathML のサブツリーのどこにでも配置することができます。いくつかの要素をグループ化するのに便利です。例えば、以下の分数の分子（最初の子要素）は「1 足す 2」です。</p>
<pre><code class=""language-html"">&lt;math&gt;
  &lt;mfrac&gt;
    &lt;mrow&gt;
      &lt;mn&gt;1&lt;/mn&gt;
      &lt;mo&gt;+&lt;/mo&gt;
      &lt;mn&gt;2&lt;/mn&gt;
    &lt;/mrow&gt;
    &lt;mn&gt;3&lt;/mn&gt;
  &lt;/mfrac&gt;
&lt;/math&gt;
</code></pre>"
<p>MathMLの &lt;mrow&gt; 要素は、サブツリーの {{c1::どこにでも}} 配置できる汎用コンテナーです。</p>,"<h2>&lt;mrow&gt; 要素でのグループ化</h2>
<p><code>&lt;math&gt;</code> 要素は実際には任意の数の子要素を格納することができ、基本的にそれらを一列に並べて表示します。例えば、単純な数式 ""1 + 2 + 3"" は MathML ではこのようにエンコードされます。</p>
<pre><code class=""language-html"">&lt;math&gt;
  &lt;mn&gt;1&lt;/mn&gt;
  &lt;mo&gt;+&lt;/mo&gt;
  &lt;mn&gt;2&lt;/mn&gt;
  &lt;mo&gt;+&lt;/mo&gt;
  &lt;mn&gt;3&lt;/mn&gt;
&lt;/math&gt;
</code></pre>
<p><code>&lt;mrow&gt;</code> 要素は同様のレイアウトを行う汎用コンテナーですが、 MathML のサブツリーのどこにでも配置することができます。いくつかの要素をグループ化するのに便利です。例えば、以下の分数の分子（最初の子要素）は「1 足す 2」です。</p>
<pre><code class=""language-html"">&lt;math&gt;
  &lt;mfrac&gt;
    &lt;mrow&gt;
      &lt;mn&gt;1&lt;/mn&gt;
      &lt;mo&gt;+&lt;/mo&gt;
      &lt;mn&gt;2&lt;/mn&gt;
    &lt;/mrow&gt;
    &lt;mn&gt;3&lt;/mn&gt;
  &lt;/mfrac&gt;
&lt;/math&gt;
</code></pre>"
<p>MathMLで「1 + 2 + 3」をエンコードするときは、数値に {{c1::&lt;mn&gt;}}、演算子に {{c1::&lt;mo&gt;}} 要素を使います。</p>,"<h2>&lt;mrow&gt; 要素でのグループ化</h2>
<p><code>&lt;math&gt;</code> 要素は実際には任意の数の子要素を格納することができ、基本的にそれらを一列に並べて表示します。例えば、単純な数式 ""1 + 2 + 3"" は MathML ではこのようにエンコードされます。</p>
<pre><code class=""language-html"">&lt;math&gt;
  &lt;mn&gt;1&lt;/mn&gt;
  &lt;mo&gt;+&lt;/mo&gt;
  &lt;mn&gt;2&lt;/mn&gt;
  &lt;mo&gt;+&lt;/mo&gt;
  &lt;mn&gt;3&lt;/mn&gt;
&lt;/math&gt;
</code></pre>
<p><code>&lt;mrow&gt;</code> 要素は同様のレイアウトを行う汎用コンテナーですが、 MathML のサブツリーのどこにでも配置することができます。いくつかの要素をグループ化するのに便利です。例えば、以下の分数の分子（最初の子要素）は「1 足す 2」です。</p>
<pre><code class=""language-html"">&lt;math&gt;
  &lt;mfrac&gt;
    &lt;mrow&gt;
      &lt;mn&gt;1&lt;/mn&gt;
      &lt;mo&gt;+&lt;/mo&gt;
      &lt;mn&gt;2&lt;/mn&gt;
    &lt;/mrow&gt;
    &lt;mn&gt;3&lt;/mn&gt;
  &lt;/mfrac&gt;
&lt;/math&gt;
</code></pre>"
<p>MathMLで複数の要素をグループ化する汎用コンテナーは {{c1::&lt;mrow&gt;}} です。</p>,"<h2>&lt;mrow&gt; 要素でのグループ化</h2>
<p><code>&lt;math&gt;</code> 要素は実際には任意の数の子要素を格納することができ、基本的にそれらを一列に並べて表示します。例えば、単純な数式 ""1 + 2 + 3"" は MathML ではこのようにエンコードされます。</p>
<pre><code class=""language-html"">&lt;math&gt;
  &lt;mn&gt;1&lt;/mn&gt;
  &lt;mo&gt;+&lt;/mo&gt;
  &lt;mn&gt;2&lt;/mn&gt;
  &lt;mo&gt;+&lt;/mo&gt;
  &lt;mn&gt;3&lt;/mn&gt;
&lt;/math&gt;
</code></pre>
<p><code>&lt;mrow&gt;</code> 要素は同様のレイアウトを行う汎用コンテナーですが、 MathML のサブツリーのどこにでも配置することができます。いくつかの要素をグループ化するのに便利です。例えば、以下の分数の分子（最初の子要素）は「1 足す 2」です。</p>
<pre><code class=""language-html"">&lt;math&gt;
  &lt;mfrac&gt;
    &lt;mrow&gt;
      &lt;mn&gt;1&lt;/mn&gt;
      &lt;mo&gt;+&lt;/mo&gt;
      &lt;mn&gt;2&lt;/mn&gt;
    &lt;/mrow&gt;
    &lt;mn&gt;3&lt;/mn&gt;
  &lt;/mfrac&gt;
&lt;/math&gt;
</code></pre>"
<p>「2 分の 1」足す「3 分の 2」という入れ子になった式は、2つの {{c1::&lt;mfrac&gt;}} を {{c1::&lt;mo&gt;+&lt;/mo&gt;}} でつなぎます。</p>,"<h3>演習: 入れ子になった式を書く</h3>
<p>練習として、これまで見てきた MathML の要素だけを使って以下の式を書く方法を考えてみてください。もし行き詰まったり、解答を確認したい場合は、例のソースコードを調べてください。</p>
<pre><code class=""language-html"">&lt;ol&gt;
  &lt;li&gt;
    「2 分の 1」足す「3 分の 2」:
    &lt;!-- math 要素の子要素を mrow 要素でグループ化するのは正しいですが、不必要です。 --&gt;
    &lt;math&gt;
      &lt;mfrac&gt;
        &lt;mn&gt;1&lt;/mn&gt;
        &lt;mn&gt;2&lt;/mn&gt;
      &lt;/mfrac&gt;
      &lt;mo&gt;+&lt;/mo&gt;
      &lt;mfrac&gt;
        &lt;mn&gt;2&lt;/mn&gt;
        &lt;mn&gt;3&lt;/mn&gt;
      &lt;/mfrac&gt;
    &lt;/math&gt;
  &lt;/li&gt;
  &lt;li&gt;
    「1 足す 2 足す 3」が「4 足す 5」の上にある:
    &lt;math&gt;
      &lt;mfrac&gt;
        &lt;mrow&gt;
          &lt;mn&gt;1&lt;/mn&gt;
          &lt;mo&gt;+&lt;/mo&gt;
          &lt;mn&gt;2&lt;/mn&gt;
          &lt;mo&gt;+&lt;/mo&gt;
          &lt;mn&gt;3&lt;/mn&gt;
        &lt;/mrow&gt;
        &lt;mrow&gt;
          &lt;mn&gt;4&lt;/mn&gt;
          &lt;mo&gt;+&lt;/mo&gt;
          &lt;mn&gt;5&lt;/mn&gt;
        &lt;/mrow&gt;
      &lt;/mfrac&gt;
    &lt;/math&gt;
  &lt;/li&gt;
  &lt;li&gt;
    「4 分の 1」が「2 足す 3」の上にある:
    &lt;math&gt;
      &lt;mfrac&gt;
        &lt;mfrac&gt;
          &lt;mn&gt;1&lt;/mn&gt;
          &lt;mn&gt;4&lt;/mn&gt;
        &lt;/mfrac&gt;
        &lt;mrow&gt;
          &lt;mn&gt;2&lt;/mn&gt;
          &lt;mo&gt;+&lt;/mo&gt;
          &lt;mn&gt;3&lt;/mn&gt;
        &lt;/mrow&gt;
      &lt;/mfrac&gt;
    &lt;/math&gt;
  &lt;/li&gt;
&lt;/ol&gt;
</code></pre>"
<p>この入門で扱う主なMathML要素は、分数を表す {{c1::&lt;mfrac&gt;}}、グループ化を表す {{c1::&lt;mrow&gt;}}、そしてテキスト要素です。</p>,"<h2>まとめ</h2>
<p>この記事では、 HTML 文書内に数式を挿入するために <code>&lt;math&gt;</code> 要素を使用する方法を見ていきました。 <code>display=""block""</code> を使用する場合としない場合の <code>&lt;math&gt;</code> 要素のレンダリングの違いについて学びました。さらに、他にもいくつかの MathML 要素に出会いました。分数を表す <code>&lt;mfrac&gt;</code>、グループ化を表す <code>&lt;mrow&gt;</code>、そして最後にいくつかのテキスト要素です。これらの<a href=""/ja/docs/Web/MathML/Tutorials/For_beginners/Text_containers"">テキストコンテナー</a>については次の記事で詳しく分析します。</p>"
