"「2 分の 1」足す「3 分の 2」という入れ子になった式は、2つの {{c1::<mfrac>}} を {{c1::<mo>+</mo>}} でつなぎます。","### 演習: 入れ子になった式を書く","{{ EmbedLiveSample('nested_expressions'"
"`display=""block""` を指定したとき、math-style は {{c1::normal}} になり、指定しないと {{c2::compact}} になります。","### display 属性","## \\<mrow> 要素でのグループ化"
"LaTeXの {{c1::display}} 数式に対応するMathMLの指定は `display=""{{c2::block}}""` です。","> [!NOTE]
> これは LaTeX の _inline_ 数式","## \\<mrow> 要素でのグループ化"
"「1 + 2 + 3」をMathMLで表すとき、子要素は {{c1::<mn>1</mn>}}、{{c2::<mo>+</mo>}}、{{c3::<mn>2</mn>}} の順に並び、最後に {{c4::<mn>3</mn>}} を置きます。","## \\<mrow> 要素でのグループ化","### 演習: 入れ子になった式を書く"
"分数 `(1 + 2) / 3` を表すとき、`<mfrac>` の分子は {{c1::<mrow>}} で囲み、分母には {{c2::<mn>3</mn>}} を置きます。","`<mrow>` 要素は同様のレイアウトを行う汎用コンテナーですが、 MathML のサブツリーのどこにでも配置することができます。いくつかの要素をグループ化するのに便利です。","### 演習: 入れ子になった式を書く"
"`(1 / 2) + (2 / 3)` を表すには、最上位の `<math>` の子として {{c1::2つの <mfrac>}} と {{c2::<mo>+</mo>}} を置きます。","### 演習: 入れ子になった式を書く","{{ EmbedLiveSample('nested_expressions'"
"`(1 + 2 + 3) / (4 + 5)` では、`<mfrac>` の分子と分母をそれぞれ {{c1::<mrow>}} でグループ化します。","### 演習: 入れ子になった式を書く","{{ EmbedLiveSample('nested_expressions'"
"`(1 / 4) / (2 + 3)` では、外側の `<mfrac>` の分子が {{c1::内側の <mfrac>}}、分母が {{c2::<mrow>}} になります。","### 演習: 入れ子になった式を書く","{{ EmbedLiveSample('nested_expressions'"
"次のMathMLで `(1 / 2) + (2 / 3)` を完成させてください。空欄には、分数・演算子・分数の順に {{c1::<mfrac>...</mfrac>}}、{{c2::<mo>+</mo>}}、{{c3::<mfrac>...</mfrac>}} を入れます。\n\n```html\n<math>\n  {{c1::<mfrac>\n    <mn>1</mn>\n    <mn>2</mn>\n  </mfrac>}}\n  {{c2::<mo>+</mo>}}\n  {{c3::<mfrac>\n    <mn>2</mn>\n    <mn>3</mn>\n  </mfrac>}}\n</math>\n```","### 演習: 入れ子になった式を書く","{{ EmbedLiveSample('nested_expressions'"
"次のMathMLで `(1 + 2 + 3) / (4 + 5)` を完成させてください。`<mfrac>` の2つの子は {{c1::<mrow>...</mrow>}} と {{c2::<mrow>...</mrow>}} です。\n\n```html\n<math>\n  <mfrac>\n    {{c1::<mrow>\n      <mn>1</mn>\n      <mo>+</mo>\n      <mn>2</mn>\n      <mo>+</mo>\n      <mn>3</mn>\n    </mrow>}}\n    {{c2::<mrow>\n      <mn>4</mn>\n      <mo>+</mo>\n      <mn>5</mn>\n    </mrow>}}\n  </mfrac>\n</math>\n```","### 演習: 入れ子になった式を書く","{{ EmbedLiveSample('nested_expressions'"
"次のMathMLで `(1 / 4) / (2 + 3)` を完成させてください。外側の分子には {{c1::<mfrac>...</mfrac>}}、分母には {{c2::<mrow>...</mrow>}} を置きます。\n\n```html\n<math>\n  <mfrac>\n    {{c1::<mfrac>\n      <mn>1</mn>\n      <mn>4</mn>\n    </mfrac>}}\n    {{c2::<mrow>\n      <mn>2</mn>\n      <mo>+</mo>\n      <mn>3</mn>\n    </mrow>}}\n  </mfrac>\n</math>\n```","### 演習: 入れ子になった式を書く","{{ EmbedLiveSample('nested_expressions'"
"`<mfrac>` の直下に `<mn>1</mn>`、`<mn>2</mn>`、`<mn>3</mn>` を置いたコードが不正になる理由は、{{c1::<mfrac>が分子と分母の2つの子だけを取る要素}}だからです。3つの項を分子にまとめるには {{c2::<mrow>}} が必要です。","`<mfrac>` 要素は分子（最初の子）と分母（2 つ目の子）を持つ分数を指定します。","## \\<mrow> 要素でのグループ化"
"次の2つの式の構造差を説明してください。`1 + 2 + 3` は `<math>` の {{c1::直接の子要素を順に並べる}} だけで表せますが、`(1 + 2) / 3` では分子を {{c2::<mrow>}} にまとめてから `<mfrac>` の子にします。","## \\<mrow> 要素でのグループ化","### 演習: 入れ子になった式を書く"
